<?xml version="1.0" encoding="UTF-8"?>
<!DOCTYPE mapper PUBLIC "-//mybatis.org//DTD Mapper 3.0//EN" "http://mybatis.org/dtd/mybatis-3-mapper.dtd">
<mapper namespace="com.ibm.easyerp.dao.OrderMapper">
  <resultMap id="BaseResultMap" type="com.ibm.easyerp.model.Order">
    <!--
      WARNING - @mbg.generated
      This element is automatically generated by MyBatis Generator, do not modify.
    -->
    <constructor>
      <idArg column="orderNO" javaType="java.lang.String" jdbcType="VARCHAR" />
      <arg column="orderTime" javaType="java.util.Date" jdbcType="TIMESTAMP" />
      <arg column="otherInfo" javaType="java.lang.String" jdbcType="VARCHAR" />
      <arg column="quantity" javaType="java.lang.String" jdbcType="VARCHAR" />
      <arg column="customerNO" javaType="java.lang.String" jdbcType="VARCHAR" />
      <arg column="productNO" javaType="java.lang.String" jdbcType="VARCHAR" />
    </constructor>
  </resultMap>
  <sql id="Base_Column_List">
    <!--
      WARNING - @mbg.generated
      This element is automatically generated by MyBatis Generator, do not modify.
    -->
    orderNO, orderTime, otherInfo, quantity, customerNO, productNO
  </sql>
  <sql id="Example_Where_Clause">
    <where>
      <if test="orderNO != null">
        orderNO like CONCAT('%',#{orderNO,jdbcType=VARCHAR},'%')
      </if>
      <if test="orderTime != null">
        AND orderTime like CONCAT('%',#{orderTime,jdbcType=TIMESTAMP},'%')
      </if>
      <if test="otherInfo != null">
        AND otherInfo like CONCAT('%',#{otherInfo,jdbcType=VARCHAR},'%')
      </if>
      <if test="quantity != null">
        AND quantity like CONCAT('%',#{quantity,jdbcType=VARCHAR},'%')
      </if>
      <if test="customerNO != null">
        AND customerNO like CONCAT('%',#{customerNO,jdbcType=VARCHAR},'%')
      </if>
      <if test="productNO != null">
        AND productNO like CONCAT('%',#{productNO,jdbcType=VARCHAR},'%')
      </if>
    </where>
  </sql>

  <select id="getTotal" parameterType="com.ibm.easyerp.model.Order" resultType="java.lang.Integer">
    select count(orderNO) from tb_order
    <include refid="Example_Where_Clause" />
  </select>

  <select id="selectByOrder" resultMap="BaseResultMap" parameterType="com.ibm.easyerp.model.Order">
    select
    <include refid="Base_Column_List" />
    from tb_order
    <if test="sort != null" >
      ORDER BY #{sort} #{order}
    </if>
    <if test="page!=null">
      LIMIT #{begin},#{end}
    </if>
  </select>

  <select id="getAll" resultMap="BaseResultMap" parameterType="com.ibm.easyerp.model.Order">
    select
    <include refid="Base_Column_List" />
    from tb_order
    <if test="sort != null" >
      ORDER BY #{sort} #{order}
    </if>
    <if test="page!=null">
      LIMIT #{begin},#{end}
    </if>
  </select>

  <select id="getAll2" resultMap="BaseResultMap" parameterType="com.ibm.easyerp.model.Order">
    select
    <include refid="Base_Column_List" />
    from tb_order
    <include refid="Example_Where_Clause" />
    <if test="sort != null" >
      ORDER BY #{sort} #{order}
    </if>
    <if test="page!=null">
      LIMIT #{begin},#{end}
    </if>
  </select>

  <insert id="insertSelective" parameterType="com.ibm.easyerp.model.Order">
    <!--
      WARNING - @mbg.generated
      This element is automatically generated by MyBatis Generator, do not modify.
    -->
    insert into tb_order
    <trim prefix="(" suffix=")" suffixOverrides=",">
      <if test="orderNO != null">
        orderNO,
      </if>
      <if test="orderTime != null">
        orderTime,
      </if>
      <if test="otherInfo != null">
        otherInfo,
      </if>
      <if test="quantity != null">
        quantity,
      </if>
      <if test="customerNO != null">
        customerNO,
      </if>
      <if test="productNO != null">
        productNO,
      </if>
    </trim>
    <trim prefix="values (" suffix=")" suffixOverrides=",">
      <if test="orderNO != null">
        #{orderNO,jdbcType=VARCHAR},
      </if>
      <if test="orderTime != null">
        #{orderTime,jdbcType=TIMESTAMP},
      </if>
      <if test="otherInfo != null">
        #{otherInfo,jdbcType=VARCHAR},
      </if>
      <if test="quantity != null">
        #{quantity,jdbcType=VARCHAR},
      </if>
      <if test="customerNO != null">
        #{customerNO,jdbcType=VARCHAR},
      </if>
      <if test="productNO != null">
        #{productNO,jdbcType=VARCHAR},
      </if>
    </trim>
  </insert>
  <update id="updateByPrimaryKeySelective" parameterType="com.ibm.easyerp.model.Order">
    <!--
      WARNING - @mbg.generated
      This element is automatically generated by MyBatis Generator, do not modify.
    -->
    update tb_order
    <set>
      <if test="orderTime != null">
        orderTime = #{orderTime,jdbcType=TIMESTAMP},
      </if>
      <if test="otherInfo != null">
        otherInfo = #{otherInfo,jdbcType=VARCHAR},
      </if>
      <if test="quantity != null">
        quantity = #{quantity,jdbcType=VARCHAR},
      </if>
      <if test="customerNO != null">
        customerNO = #{customerNO,jdbcType=VARCHAR},
      </if>
      <if test="productNO != null">
        productNO = #{productNO,jdbcType=VARCHAR},
      </if>
    </set>
    where orderNO = #{orderNO,jdbcType=VARCHAR}
  </update>
</mapper>