<?xml version="1.0" encoding="UTF-8" ?>
<!DOCTYPE mapper PUBLIC "-//mybatis.org//DTD Mapper 3.0//EN" "http://mybatis.org/dtd/mybatis-3-mapper.dtd" >
<mapper namespace="com.ibm.easyerp.dao.UserMapper" >

  <resultMap id="BaseResultMap" type="com.ibm.easyerp.model.User" >
    <id column="username" property="username" jdbcType="VARCHAR" />
    <result column="password" property="password" jdbcType="VARCHAR" />
    <result column="grade" property="grade" jdbcType="INTEGER" />
    <result column="gradeName" property="gradeName" jdbcType="VARCHAR" />
  </resultMap>
  
  <select id="select" parameterType="com.ibm.easyerp.model.User" resultType="java.lang.Integer">
    select
     count(username)
    from tb_user
    <where>
	   <if test="username != null" >
	   	username = #{username,jdbcType=VARCHAR}
	   </if>
	   <if test="password != null" >
	    AND password = #{password,jdbcType=VARCHAR}
	   </if>
	</where>
  </select>

    <select id="selectCount" resultType="java.lang.Integer">
        select
        count(*)
        from tb_user
    </select>
  
  <select id="select2" parameterType="java.lang.String" resultType="com.ibm.easyerp.model.User">
    select
     username, password, grade ,gradeName
    from tb_user
    where username = #{username,jdbcType=VARCHAR}
  </select>
  
  <select id="getAll" resultMap="BaseResultMap" parameterType="com.ibm.easyerp.model.User">
    select
    	username, password, grade ,gradeName
    from tb_user
    <where>
		<if test="grade != null" >
		    grade &lt;= #{grade}
	    </if>
    </where>
	<if test="sort != null" >
      ORDER BY #{sort} #{order}
    </if>
 	<if test="page!=null">
		LIMIT #{begin},#{end}
	</if>
  </select>

  <update id="update" parameterType="com.ibm.easyerp.model.User" >
    update tb_user
	<set >
	   <if test="password != null" >
	   	password = #{password,jdbcType=VARCHAR},
	   </if>
	   <if test="grade != null" >
	   	grade = #{grade,jdbcType=INTEGER},
	   </if>
	   <if test="gradeName != null" >
	   	gradeName = #{gradeName,jdbcType=VARCHAR}
	   </if>
	</set>
   	where username = #{username,jdbcType=VARCHAR}
  </update>
  
  <delete id="delete" parameterType="java.lang.String" >
    delete from tb_user
    where username = #{username,jdbcType=VARCHAR}
  </delete>
  
  <insert id="insert" parameterType="com.ibm.easyerp.model.User" >
    insert into tb_user (username, password, grade, gradeName)
    values (#{username,jdbcType=VARCHAR}, #{password,jdbcType=VARCHAR}, 
            #{grade,jdbcType=INTEGER}, #{gradeName,jdbcType=VARCHAR})
  </insert>
  
</mapper>